#AliciaKeysNoMultishow;2017-09-18 00:28:25.620626
#Emmys;2017-09-18 00:28:25.620691
San Junipero;2017-09-18 00:28:25.620715
Justin Timberlake;2017-09-18 00:28:25.620734
Donald Glover;2017-09-18 00:28:25.620753
#DancaDosFamosos;2017-09-18 00:28:25.620772
#PanicoNaBand;2017-09-18 00:28:25.620791
#ArmysEscolheramEsperar;2017-09-18 00:28:25.620809
John Oliver;2017-09-18 00:28:25.620836
Westworld;2017-09-18 00:28:25.620871
Faustao;2017-09-18 00:28:25.620910
Reese;2017-09-18 00:28:25.620946
Walk The Moon;2017-09-18 00:28:25.620983
The Leftovers;2017-09-18 00:28:25.621009
#NFLnaESPN;2017-09-18 00:28:25.621028
#ask5sosfam;2017-09-18 00:28:25.621046
#TeenWolf;2017-09-18 00:28:25.621064
#ReggaetonLentoRemixVideo;2017-09-18 00:28:25.621083
#SegundaDetremuraSDV;2017-09-18 00:28:25.621101
#Fantastico;2017-09-18 00:28:25.621119
#BacanasNoRiR;2017-09-18 00:28:25.621142
2;0;1;7;-;0;9;-;1;8; ;0;1;:;1;4;:;5;5;.;3;6;6;9;9;5
#;B;a;c;a;n;a;s;N;o;R;i;R
